{
  "GET-UserProfile" : {
    "transaction" : "GET-UserProfile",
    "sampleCount" : 200,
    "errorCount" : 67,
    "errorPct" : 33.5,
    "meanResTime" : 2653.935000000001,
    "medianResTime" : 2552.5,
    "minResTime" : 1489.0,
    "maxResTime" : 6280.0,
    "pct1ResTime" : 3723.2,
    "pct2ResTime" : 3970.5499999999997,
    "pct3ResTime" : 4854.000000000001,
    "throughput" : 8.61623298293986,
    "receivedKBytesPerSec" : 7.905057190246424,
    "sentKBytesPerSec" : 2.898764984167672
  },
  "Total" : {
    "transaction" : "Total",
    "sampleCount" : 400,
    "errorCount" : 71,
    "errorPct" : 17.75,
    "meanResTime" : 1531.225,
    "medianResTime" : 1553.5,
    "minResTime" : 247.0,
    "maxResTime" : 6280.0,
    "pct1ResTime" : 3481.0,
    "pct2ResTime" : 3782.899999999999,
    "pct3ResTime" : 4562.580000000004,
    "throughput" : 16.97288581491068,
    "receivedKBytesPerSec" : 16.58353709636356,
    "sentKBytesPerSec" : 5.8137520818305255
  },
  "GET-Contact" : {
    "transaction" : "GET-Contact",
    "sampleCount" : 200,
    "errorCount" : 4,
    "errorPct" : 2.0,
    "meanResTime" : 408.51499999999993,
    "medianResTime" : 269.5,
    "minResTime" : 247.0,
    "maxResTime" : 3947.0,
    "pct1ResTime" : 516.7000000000002,
    "pct2ResTime" : 921.1999999999985,
    "pct3ResTime" : 3693.0700000000006,
    "throughput" : 9.565716472163764,
    "receivedKBytesPerSec" : 9.916397132676487,
    "sentKBytesPerSec" : 3.3349226372680314
  }
}